{"cameraMode":{"drawMode":0,"name":"Shaded","section":"Shading Mode"},"sceneLighting":true,"audioPlay":false,"sceneViewState":{"m_AlwaysRefresh":false,"showFog":true,"showSkybox":true,"showFlares":true,"showImageEffects":true,"showParticleSystems":true,"showVisualEffectGraphs":true,"m_FxEnabled":true},"in2DMode":false,"pivot":{"x":0.15197771787643434,"y":1.6109999418258668,"z":-0.1679999977350235},"rotation":{"x":0.1208873987197876,"y":-0.3155233860015869,"z":0.040438637137413028,"w":0.9403960704803467},"size":1.1075407266616822,"orthographic":true}