{"cameraMode":{"drawMode":0,"name":"Shaded","section":"Shading Mode"},"sceneLighting":true,"audioPlay":false,"sceneViewState":{"m_AlwaysRefresh":false,"showFog":true,"showSkybox":false,"showFlares":true,"showImageEffects":true,"showParticleSystems":true,"showVisualEffectGraphs":true,"m_FxEnabled":true},"in2DMode":false,"pivot":{"x":34.27851486206055,"y":24.153167724609376,"z":-14.197793960571289},"rotation":{"x":-0.0051953415386378769,"y":0.8770686388015747,"z":-0.009479249827563763,"w":-0.480281263589859},"size":0.8660253882408142,"orthographic":true}